operations_id,operation_date,menu_layout_version,yelp_underlying_rating,yelp_displayed_rating,notes
1,2022-06-01,,4.218,4.0,
2,2022-06-02,,4.203,4.0,
3,2022-06-03,,4.206,4.0,
4,2022-06-04,,4.217,4.0,
5,2022-06-05,,4.209,4.0,
6,2022-06-06,,4.212,4.0,
7,2022-06-07,,4.197,4.0,
8,2022-06-08,,4.2,4.0,
9,2022-06-09,,4.206,4.0,
10,2022-06-10,,4.205,4.0,
11,2022-06-11,,4.216,4.0,
12,2022-06-12,,4.218,4.0,
13,2022-06-13,,4.206,4.0,
14,2022-06-14,,4.23,4.0,
15,2022-06-15,,4.215,4.0,
16,2022-06-16,,4.206,4.0,
17,2022-06-17,,4.204,4.0,
18,2022-06-18,,4.21,4.0,
19,2022-06-19,,4.215,4.0,
20,2022-06-20,,4.182,4.0,
21,2022-06-21,,4.2,4.0,
22,2022-06-22,,4.211,4.0,
23,2022-06-23,,4.211,4.0,
24,2022-06-24,,4.203,4.0,
25,2022-06-25,,4.233,4.0,
26,2022-06-26,,4.225,4.0,
27,2022-06-27,,4.198,4.0,
28,2022-06-28,,4.207,4.0,
29,2022-06-29,,4.217,4.0,
30,2022-06-30,,4.23,4.0,
31,2022-07-01,,4.211,4.0,
32,2022-07-02,,4.203,4.0,
33,2022-07-03,,4.216,4.0,
34,2022-07-04,,4.204,4.0,
35,2022-07-05,,4.231,4.0,
36,2022-07-06,,4.209,4.0,
37,2022-07-07,,4.224,4.0,
38,2022-07-08,,4.202,4.0,
39,2022-07-09,,4.211,4.0,
40,2022-07-10,,4.209,4.0,
41,2022-07-11,,4.206,4.0,
42,2022-07-12,,4.212,4.0,
43,2022-07-13,,4.196,4.0,
44,2022-07-14,,4.216,4.0,
45,2022-07-15,,4.212,4.0,
46,2022-07-16,,4.238,4.0,
47,2022-07-17,,4.226,4.0,
48,2022-07-18,,4.229,4.0,
49,2022-07-19,,4.228,4.0,
50,2022-07-20,,4.216,4.0,
51,2022-07-21,,4.216,4.0,
52,2022-07-22,,4.223,4.0,
53,2022-07-23,,4.221,4.0,
54,2022-07-24,,4.222,4.0,
55,2022-07-25,,4.226,4.0,
56,2022-07-26,,4.234,4.0,
57,2022-07-27,,4.217,4.0,
58,2022-07-28,,4.219,4.0,
59,2022-07-29,,4.215,4.0,
60,2022-07-30,,4.233,4.0,
61,2022-07-31,,4.231,4.0,
62,2022-08-01,,4.236,4.0,
63,2022-08-02,,4.224,4.0,
64,2022-08-03,,4.235,4.0,
65,2022-08-04,,4.236,4.0,
66,2022-08-05,,4.223,4.0,
67,2022-08-06,,4.225,4.0,
68,2022-08-07,,4.231,4.0,
69,2022-08-08,,4.213,4.0,
70,2022-08-09,,4.252,4.5,
71,2022-08-10,,4.245,4.0,
72,2022-08-11,,4.235,4.0,
73,2022-08-12,,4.255,4.5,
74,2022-08-13,,4.234,4.0,
75,2022-08-14,,4.237,4.0,
76,2022-08-15,,4.225,4.0,
77,2022-08-16,,4.218,4.0,
78,2022-08-17,,4.217,4.0,
79,2022-08-18,,4.239,4.0,
80,2022-08-19,,4.245,4.0,
81,2022-08-20,,4.257,4.5,
82,2022-08-21,,4.213,4.0,
83,2022-08-22,,4.238,4.0,
84,2022-08-23,,4.208,4.0,
85,2022-08-24,,4.248,4.0,
86,2022-08-25,,4.247,4.0,
87,2022-08-26,,4.244,4.0,
88,2022-08-27,,4.231,4.0,
89,2022-08-28,,4.228,4.0,
90,2022-08-29,,4.23,4.0,
91,2022-08-30,,4.236,4.0,
92,2022-08-31,,4.235,4.0,
93,2022-09-01,,4.238,4.0,
94,2022-09-02,,4.225,4.0,
95,2022-09-03,,4.239,4.0,
96,2022-09-04,,4.24,4.0,
97,2022-09-05,,4.236,4.0,
98,2022-09-06,,4.227,4.0,
99,2022-09-07,,4.23,4.0,
100,2022-09-08,,4.25,4.0,
101,2022-09-09,,4.238,4.0,
102,2022-09-10,,4.24,4.0,
103,2022-09-11,,4.244,4.0,
104,2022-09-12,,4.26,4.5,
105,2022-09-13,,4.251,4.5,
106,2022-09-14,,4.258,4.5,
107,2022-09-15,,4.246,4.0,
108,2022-09-16,,4.263,4.5,
109,2022-09-17,,4.274,4.5,
110,2022-09-18,,4.239,4.0,
111,2022-09-19,,4.252,4.5,
112,2022-09-20,,4.254,4.5,
113,2022-09-21,,4.234,4.0,
114,2022-09-22,,4.256,4.5,
115,2022-09-23,,4.261,4.5,
116,2022-09-24,,4.238,4.0,
117,2022-09-25,,4.258,4.5,
118,2022-09-26,,4.266,4.5,
119,2022-09-27,,4.24,4.0,
120,2022-09-28,,4.263,4.5,
121,2022-09-29,,4.266,4.5,
122,2022-09-30,,4.253,4.5,
123,2022-10-01,,4.244,4.0,
124,2022-10-02,,4.255,4.5,
125,2022-10-03,,4.282,4.5,
126,2022-10-04,,4.269,4.5,
127,2022-10-05,,4.241,4.0,
128,2022-10-06,,4.26,4.5,
129,2022-10-07,,4.273,4.5,
130,2022-10-08,,4.266,4.5,
131,2022-10-09,,4.253,4.5,
132,2022-10-10,,4.256,4.5,
133,2022-10-11,,4.256,4.5,
134,2022-10-12,,4.265,4.5,
135,2022-10-13,,4.259,4.5,
136,2022-10-14,,4.259,4.5,
137,2022-10-15,,4.248,4.0,
138,2022-10-16,,4.227,4.0,
139,2022-10-17,,4.292,4.5,
140,2022-10-18,,4.273,4.5,
141,2022-10-19,,4.266,4.5,
142,2022-10-20,,4.277,4.5,
143,2022-10-21,,4.259,4.5,
144,2022-10-22,,4.266,4.5,
145,2022-10-23,,4.264,4.5,
146,2022-10-24,,4.257,4.5,
147,2022-10-25,,4.277,4.5,
148,2022-10-26,,4.268,4.5,
149,2022-10-27,,4.264,4.5,
150,2022-10-28,,4.288,4.5,
151,2022-10-29,,4.269,4.5,
152,2022-10-30,,4.262,4.5,
153,2022-10-31,,4.282,4.5,
154,2022-11-01,,4.262,4.5,
155,2022-11-02,,4.274,4.5,
156,2022-11-03,,4.287,4.5,
157,2022-11-04,,4.268,4.5,
158,2022-11-05,,4.261,4.5,
159,2022-11-06,,4.287,4.5,
160,2022-11-07,,4.242,4.0,
161,2022-11-08,,4.267,4.5,
162,2022-11-09,,4.271,4.5,
163,2022-11-10,,4.267,4.5,
164,2022-11-11,,4.282,4.5,
165,2022-11-12,,4.286,4.5,
166,2022-11-13,,4.258,4.5,
167,2022-11-14,,4.29,4.5,
168,2022-11-15,,4.278,4.5,
169,2022-11-16,,4.279,4.5,
170,2022-11-17,,4.277,4.5,
171,2022-11-18,,4.258,4.5,
172,2022-11-19,,4.273,4.5,
173,2022-11-20,,4.278,4.5,
174,2022-11-21,,4.274,4.5,
175,2022-11-22,,4.283,4.5,
176,2022-11-23,,4.295,4.5,
177,2022-11-24,,4.273,4.5,
178,2022-11-25,,4.295,4.5,
179,2022-11-26,,4.266,4.5,
180,2022-11-27,,4.272,4.5,
181,2022-11-28,,4.275,4.5,
182,2022-11-29,,4.275,4.5,
183,2022-11-30,,4.28,4.5,
184,2022-12-01,,4.301,4.5,
185,2022-12-02,,4.29,4.5,
186,2022-12-03,,4.275,4.5,
187,2022-12-04,,4.275,4.5,
188,2022-12-05,,4.289,4.5,
189,2022-12-06,,4.278,4.5,
190,2022-12-07,,4.294,4.5,
191,2022-12-08,,4.305,4.5,
192,2022-12-09,,4.287,4.5,
193,2022-12-10,,4.302,4.5,
194,2022-12-11,,4.287,4.5,
195,2022-12-12,,4.282,4.5,
196,2022-12-13,,4.275,4.5,
197,2022-12-14,,4.284,4.5,
198,2022-12-15,,4.296,4.5,
199,2022-12-16,,4.293,4.5,
200,2022-12-17,,4.293,4.5,
201,2022-12-18,,4.305,4.5,
202,2022-12-19,,4.284,4.5,
203,2022-12-20,,4.323,4.5,
204,2022-12-21,,4.28,4.5,
205,2022-12-22,,4.296,4.5,
206,2022-12-23,,4.3,4.5,
207,2022-12-24,,4.293,4.5,
208,2022-12-25,,4.293,4.5,
209,2022-12-26,,4.292,4.5,
210,2022-12-27,,4.294,4.5,
211,2022-12-28,,4.297,4.5,
212,2022-12-29,,4.29,4.5,
213,2022-12-30,,4.271,4.5,
214,2022-12-31,,4.295,4.5,
215,2023-01-01,,4.296,4.5,
216,2023-01-02,,4.327,4.5,
217,2023-01-03,,4.307,4.5,
218,2023-01-04,,4.302,4.5,
219,2023-01-05,,4.297,4.5,
220,2023-01-06,,4.291,4.5,
221,2023-01-07,,4.305,4.5,
222,2023-01-08,,4.295,4.5,
223,2023-01-09,,4.317,4.5,
224,2023-01-10,,4.316,4.5,
225,2023-01-11,,4.309,4.5,
226,2023-01-12,,4.304,4.5,
227,2023-01-13,,4.303,4.5,
228,2023-01-14,,4.299,4.5,
229,2023-01-15,,4.31,4.5,
230,2023-01-16,,4.303,4.5,
231,2023-01-17,,4.304,4.5,
232,2023-01-18,,4.315,4.5,
233,2023-01-19,,4.307,4.5,
234,2023-01-20,,4.318,4.5,
235,2023-01-21,,4.304,4.5,
236,2023-01-22,,4.314,4.5,
237,2023-01-23,,4.302,4.5,
238,2023-01-24,,4.302,4.5,
239,2023-01-25,,4.303,4.5,
240,2023-01-26,,4.317,4.5,
241,2023-01-27,,4.297,4.5,
242,2023-01-28,,4.317,4.5,
243,2023-01-29,,4.292,4.5,
244,2023-01-30,,4.315,4.5,
245,2023-01-31,,4.312,4.5,
246,2023-02-01,,4.302,4.5,
247,2023-02-02,,4.313,4.5,
248,2023-02-03,,4.318,4.5,
249,2023-02-04,,4.315,4.5,
250,2023-02-05,,4.323,4.5,
251,2023-02-06,,4.321,4.5,
252,2023-02-07,,4.32,4.5,
253,2023-02-08,,4.297,4.5,
254,2023-02-09,,4.322,4.5,
255,2023-02-10,,4.308,4.5,
256,2023-02-11,,4.31,4.5,
257,2023-02-12,,4.313,4.5,
258,2023-02-13,,4.303,4.5,
259,2023-02-14,,4.317,4.5,
260,2023-02-15,,4.308,4.5,
261,2023-02-16,,4.334,4.5,
262,2023-02-17,,4.305,4.5,
263,2023-02-18,,4.305,4.5,
264,2023-02-19,,4.328,4.5,
265,2023-02-20,,4.319,4.5,
266,2023-02-21,,4.324,4.5,
267,2023-02-22,,4.326,4.5,
268,2023-02-23,,4.346,4.5,
269,2023-02-24,,4.332,4.5,
270,2023-02-25,,4.321,4.5,
271,2023-02-26,,4.333,4.5,
272,2023-02-27,,4.334,4.5,
273,2023-02-28,,4.318,4.5,
274,2023-03-01,,4.316,4.5,
275,2023-03-02,,4.314,4.5,
276,2023-03-03,,4.313,4.5,
277,2023-03-04,,4.323,4.5,
278,2023-03-05,,4.322,4.5,
279,2023-03-06,,4.336,4.5,
280,2023-03-07,,4.337,4.5,
281,2023-03-08,,4.329,4.5,
282,2023-03-09,,4.322,4.5,
283,2023-03-10,,4.328,4.5,
284,2023-03-11,,4.332,4.5,
285,2023-03-12,,4.326,4.5,
286,2023-03-13,,4.342,4.5,
287,2023-03-14,,4.341,4.5,
288,2023-03-15,,4.328,4.5,
289,2023-03-16,,4.334,4.5,
290,2023-03-17,,4.34,4.5,
291,2023-03-18,,4.339,4.5,
292,2023-03-19,,4.339,4.5,
293,2023-03-20,,4.327,4.5,
294,2023-03-21,,4.327,4.5,
295,2023-03-22,,4.345,4.5,
296,2023-03-23,,4.335,4.5,
297,2023-03-24,,4.36,4.5,
298,2023-03-25,,4.349,4.5,
299,2023-03-26,,4.333,4.5,
300,2023-03-27,,4.345,4.5,
301,2023-03-28,,4.335,4.5,
302,2023-03-29,,4.345,4.5,
303,2023-03-30,,4.336,4.5,
304,2023-03-31,,4.346,4.5,
305,2023-04-01,,4.355,4.5,
306,2023-04-02,,4.336,4.5,
307,2023-04-03,,4.35,4.5,
308,2023-04-04,,4.338,4.5,
309,2023-04-05,,4.35,4.5,
310,2023-04-06,,4.359,4.5,
311,2023-04-07,,4.343,4.5,
312,2023-04-08,,4.334,4.5,
313,2023-04-09,,4.362,4.5,
314,2023-04-10,,4.354,4.5,
315,2023-04-11,,4.34,4.5,
316,2023-04-12,,4.347,4.5,
317,2023-04-13,,4.35,4.5,
318,2023-04-14,,4.339,4.5,
319,2023-04-15,,4.358,4.5,
320,2023-04-16,,4.335,4.5,
321,2023-04-17,,4.355,4.5,
322,2023-04-18,,4.363,4.5,
323,2023-04-19,,4.359,4.5,
324,2023-04-20,,4.357,4.5,
325,2023-04-21,,4.345,4.5,
326,2023-04-22,,4.363,4.5,
327,2023-04-23,,4.348,4.5,
328,2023-04-24,,4.351,4.5,
329,2023-04-25,,4.358,4.5,
330,2023-04-26,,4.355,4.5,
331,2023-04-27,,4.356,4.5,
332,2023-04-28,,4.361,4.5,
333,2023-04-29,,4.36,4.5,
334,2023-04-30,,4.356,4.5,
335,2023-05-01,,4.353,4.5,
336,2023-05-02,,4.348,4.5,
337,2023-05-03,,4.337,4.5,
338,2023-05-04,,4.356,4.5,
339,2023-05-05,,4.361,4.5,
340,2023-05-06,,4.362,4.5,
341,2023-05-07,,4.351,4.5,
342,2023-05-08,,4.341,4.5,
343,2023-05-09,,4.368,4.5,
344,2023-05-10,,4.348,4.5,
345,2023-05-11,,4.365,4.5,
346,2023-05-12,,4.364,4.5,
347,2023-05-13,,4.373,4.5,
348,2023-05-14,,4.366,4.5,
349,2023-05-15,,4.356,4.5,
350,2023-05-16,,4.354,4.5,
351,2023-05-17,,4.346,4.5,
352,2023-05-18,,4.353,4.5,
353,2023-05-19,,4.355,4.5,
354,2023-05-20,,4.377,4.5,
355,2023-05-21,,4.36,4.5,
356,2023-05-22,,4.383,4.5,
357,2023-05-23,,4.372,4.5,
358,2023-05-24,,4.371,4.5,
359,2023-05-25,,4.387,4.5,
360,2023-05-26,,4.372,4.5,
361,2023-05-27,,4.362,4.5,
362,2023-05-28,,4.362,4.5,
363,2023-05-29,,4.372,4.5,
364,2023-05-30,,4.374,4.5,
365,2023-05-31,,4.385,4.5,
366,2023-06-01,,4.367,4.5,
367,2023-06-02,,4.373,4.5,
368,2023-06-03,,4.366,4.5,
369,2023-06-04,,4.371,4.5,
370,2023-06-05,,4.384,4.5,
371,2023-06-06,,4.373,4.5,
372,2023-06-07,,4.374,4.5,
373,2023-06-08,,4.373,4.5,
374,2023-06-09,,4.358,4.5,
375,2023-06-10,,4.37,4.5,
376,2023-06-11,,4.377,4.5,
377,2023-06-12,,4.374,4.5,
378,2023-06-13,,4.372,4.5,
379,2023-06-14,,4.374,4.5,
380,2023-06-15,,4.372,4.5,
381,2023-06-16,,4.354,4.5,
382,2023-06-17,,4.379,4.5,
383,2023-06-18,,4.393,4.5,
384,2023-06-19,,4.373,4.5,
385,2023-06-20,,4.387,4.5,
386,2023-06-21,,4.367,4.5,
387,2023-06-22,,4.38,4.5,
388,2023-06-23,,4.376,4.5,
389,2023-06-24,,4.359,4.5,
390,2023-06-25,,4.367,4.5,
391,2023-06-26,,4.383,4.5,
392,2023-06-27,,4.379,4.5,
393,2023-06-28,,4.373,4.5,
394,2023-06-29,,4.389,4.5,
395,2023-06-30,,4.372,4.5,
396,2023-07-01,,4.368,4.5,
397,2023-07-02,,4.374,4.5,
398,2023-07-03,,4.379,4.5,
399,2023-07-04,,4.382,4.5,
400,2023-07-05,,4.394,4.5,
401,2023-07-06,,4.372,4.5,
402,2023-07-07,,4.392,4.5,
403,2023-07-08,,4.381,4.5,
404,2023-07-09,,4.382,4.5,
405,2023-07-10,,4.392,4.5,
406,2023-07-11,,4.401,4.5,
407,2023-07-12,,4.39,4.5,
408,2023-07-13,,4.389,4.5,
409,2023-07-14,,4.382,4.5,
410,2023-07-15,,4.384,4.5,
411,2023-07-16,,4.39,4.5,
412,2023-07-17,,4.384,4.5,
413,2023-07-18,,4.392,4.5,
414,2023-07-19,,4.4,4.5,
415,2023-07-20,,4.387,4.5,
416,2023-07-21,,4.389,4.5,
417,2023-07-22,,4.387,4.5,
418,2023-07-23,,4.398,4.5,
419,2023-07-24,,4.402,4.5,
420,2023-07-25,,4.378,4.5,
421,2023-07-26,,4.399,4.5,
422,2023-07-27,,4.396,4.5,
423,2023-07-28,,4.412,4.5,
424,2023-07-29,,4.403,4.5,
425,2023-07-30,,4.398,4.5,
426,2023-07-31,,4.388,4.5,
427,2023-08-01,,4.397,4.5,
428,2023-08-02,,4.402,4.5,
429,2023-08-03,,4.414,4.5,
430,2023-08-04,,4.4,4.5,
431,2023-08-05,,4.405,4.5,
432,2023-08-06,,4.396,4.5,
433,2023-08-07,,4.413,4.5,
434,2023-08-08,,4.401,4.5,
435,2023-08-09,,4.396,4.5,
436,2023-08-10,,4.408,4.5,
437,2023-08-11,,4.407,4.5,
438,2023-08-12,,4.393,4.5,
439,2023-08-13,,4.398,4.5,
440,2023-08-14,,4.396,4.5,
441,2023-08-15,,4.398,4.5,
442,2023-08-16,,4.395,4.5,
443,2023-08-17,,4.405,4.5,
444,2023-08-18,,4.403,4.5,
445,2023-08-19,,4.404,4.5,
446,2023-08-20,,4.409,4.5,
447,2023-08-21,,4.412,4.5,
448,2023-08-22,,4.414,4.5,
449,2023-08-23,,4.405,4.5,
450,2023-08-24,,4.402,4.5,
451,2023-08-25,,4.417,4.5,
452,2023-08-26,,4.4,4.5,
453,2023-08-27,,4.409,4.5,
454,2023-08-28,,4.405,4.5,
455,2023-08-29,,4.421,4.5,
456,2023-08-30,,4.413,4.5,
457,2023-08-31,,4.423,4.5,
458,2023-09-01,,4.419,4.5,
459,2023-09-02,,4.389,4.5,
460,2023-09-03,,4.418,4.5,
461,2023-09-04,,4.415,4.5,
462,2023-09-05,,4.402,4.5,
463,2023-09-06,,4.395,4.5,
464,2023-09-07,,4.407,4.5,
465,2023-09-08,,4.42,4.5,
466,2023-09-09,,4.412,4.5,
467,2023-09-10,,4.409,4.5,
468,2023-09-11,,4.434,4.5,
469,2023-09-12,,4.418,4.5,
470,2023-09-13,,4.415,4.5,
471,2023-09-14,,4.395,4.5,
472,2023-09-15,,4.421,4.5,
473,2023-09-16,,4.433,4.5,
474,2023-09-17,,4.441,4.5,
475,2023-09-18,,4.411,4.5,
476,2023-09-19,,4.42,4.5,
477,2023-09-20,,4.434,4.5,
478,2023-09-21,,4.426,4.5,
479,2023-09-22,,4.423,4.5,
480,2023-09-23,,4.449,4.5,
481,2023-09-24,,4.408,4.5,
482,2023-09-25,,4.423,4.5,
483,2023-09-26,,4.424,4.5,
484,2023-09-27,,4.408,4.5,
485,2023-09-28,,4.44,4.5,
486,2023-09-29,,4.412,4.5,
487,2023-09-30,,4.427,4.5,
488,2023-10-01,,4.421,4.5,
489,2023-10-02,,4.415,4.5,
490,2023-10-03,,4.421,4.5,
491,2023-10-04,,4.426,4.5,
492,2023-10-05,,4.453,4.5,
493,2023-10-06,,4.42,4.5,
494,2023-10-07,,4.432,4.5,
495,2023-10-08,,4.415,4.5,
496,2023-10-09,,4.426,4.5,
497,2023-10-10,,4.421,4.5,
498,2023-10-11,,4.418,4.5,
499,2023-10-12,,4.443,4.5,
500,2023-10-13,,4.438,4.5,
501,2023-10-14,,4.418,4.5,
502,2023-10-15,,4.419,4.5,
503,2023-10-16,,4.407,4.5,
504,2023-10-17,,4.438,4.5,
505,2023-10-18,,4.445,4.5,
506,2023-10-19,,4.421,4.5,
507,2023-10-20,,4.426,4.5,
508,2023-10-21,,4.443,4.5,
509,2023-10-22,,4.446,4.5,
510,2023-10-23,,4.444,4.5,
511,2023-10-24,,4.424,4.5,
512,2023-10-25,,4.428,4.5,
513,2023-10-26,,4.426,4.5,
514,2023-10-27,,4.422,4.5,
515,2023-10-28,,4.429,4.5,
516,2023-10-29,,4.457,4.5,
517,2023-10-30,,4.438,4.5,
518,2023-10-31,,4.438,4.5,
519,2023-11-01,,4.443,4.5,
520,2023-11-02,,4.435,4.5,
521,2023-11-03,,4.453,4.5,
522,2023-11-04,,4.453,4.5,
523,2023-11-05,,4.436,4.5,
524,2023-11-06,,4.442,4.5,
525,2023-11-07,,4.435,4.5,
526,2023-11-08,,4.456,4.5,
527,2023-11-09,,4.443,4.5,
528,2023-11-10,,4.447,4.5,
529,2023-11-11,,4.444,4.5,
530,2023-11-12,,4.436,4.5,
531,2023-11-13,,4.446,4.5,
532,2023-11-14,,4.454,4.5,
533,2023-11-15,,4.447,4.5,
534,2023-11-16,,4.46,4.5,
535,2023-11-17,,4.445,4.5,
536,2023-11-18,,4.463,4.5,
537,2023-11-19,,4.427,4.5,
538,2023-11-20,,4.445,4.5,
539,2023-11-21,,4.435,4.5,
540,2023-11-22,,4.447,4.5,
541,2023-11-23,,4.433,4.5,
542,2023-11-24,,4.444,4.5,
543,2023-11-25,,4.463,4.5,
544,2023-11-26,,4.465,4.5,
545,2023-11-27,,4.459,4.5,
546,2023-11-28,,4.459,4.5,
547,2023-11-29,,4.43,4.5,
548,2023-11-30,,4.419,4.5,
549,2023-12-01,,4.444,4.5,
550,2023-12-02,,4.453,4.5,
551,2023-12-03,,4.448,4.5,
552,2023-12-04,,4.448,4.5,
553,2023-12-05,,4.459,4.5,
554,2023-12-06,,4.45,4.5,
555,2023-12-07,,4.463,4.5,
556,2023-12-08,,4.455,4.5,
557,2023-12-09,,4.449,4.5,
558,2023-12-10,,4.465,4.5,
559,2023-12-11,,4.466,4.5,
560,2023-12-12,,4.459,4.5,
561,2023-12-13,,4.45,4.5,
562,2023-12-14,,4.453,4.5,
563,2023-12-15,,4.455,4.5,
564,2023-12-16,,4.475,4.5,
565,2023-12-17,,4.462,4.5,
566,2023-12-18,,4.467,4.5,
567,2023-12-19,,4.44,4.5,
568,2023-12-20,,4.461,4.5,
569,2023-12-21,,4.457,4.5,
570,2023-12-22,,4.47,4.5,
571,2023-12-23,,4.459,4.5,
572,2023-12-24,,4.455,4.5,
573,2023-12-25,,4.454,4.5,
574,2023-12-26,,4.458,4.5,
575,2023-12-27,,4.46,4.5,
576,2023-12-28,,4.468,4.5,
577,2023-12-29,,4.471,4.5,
578,2023-12-30,,4.478,4.5,
579,2023-12-31,,4.478,4.5,
580,2024-01-01,B,4.458,4.5,
581,2024-01-02,A,4.469,4.5,
582,2024-01-03,A,4.464,4.5,
583,2024-01-04,A,4.478,4.5,
584,2024-01-05,B,4.443,4.5,
585,2024-01-06,B,4.479,4.5,
586,2024-01-07,A,4.465,4.5,
587,2024-01-08,A,4.461,4.5,
588,2024-01-09,B,4.471,4.5,
589,2024-01-10,A,4.464,4.5,
590,2024-01-11,B,4.472,4.5,
591,2024-01-12,A,4.462,4.5,
592,2024-01-13,B,4.464,4.5,
593,2024-01-14,B,4.458,4.5,
594,2024-01-15,A,4.478,4.5,
595,2024-01-16,B,4.489,4.5,
596,2024-01-17,B,4.477,4.5,
597,2024-01-18,A,4.465,4.5,
598,2024-01-19,B,4.487,4.5,
599,2024-01-20,A,4.472,4.5,
600,2024-01-21,A,4.489,4.5,
601,2024-01-22,B,4.483,4.5,
602,2024-01-23,B,4.492,4.5,
603,2024-01-24,B,4.482,4.5,
604,2024-01-25,A,4.475,4.5,
605,2024-01-26,B,4.483,4.5,
606,2024-01-27,A,4.479,4.5,
607,2024-01-28,A,4.502,4.5,
608,2024-01-29,B,4.481,4.5,
609,2024-01-30,A,4.502,4.5,
610,2024-01-31,A,4.464,4.5,
611,2024-02-01,A,4.483,4.5,
612,2024-02-02,B,4.486,4.5,
613,2024-02-03,B,4.5,4.5,
614,2024-02-04,B,4.471,4.5,
615,2024-02-05,B,4.485,4.5,
616,2024-02-06,B,4.473,4.5,
617,2024-02-07,A,4.486,4.5,
618,2024-02-08,B,4.491,4.5,
619,2024-02-09,B,4.463,4.5,
620,2024-02-10,A,4.488,4.5,
621,2024-02-11,B,4.471,4.5,
622,2024-02-12,A,4.494,4.5,
623,2024-02-13,B,4.484,4.5,
624,2024-02-14,B,4.467,4.5,
625,2024-02-15,A,4.479,4.5,
626,2024-02-16,A,4.48,4.5,
627,2024-02-17,B,4.479,4.5,
628,2024-02-18,B,4.482,4.5,
629,2024-02-19,A,4.48,4.5,
630,2024-02-20,A,4.471,4.5,
631,2024-02-21,A,4.488,4.5,
632,2024-02-22,A,4.485,4.5,
633,2024-02-23,B,4.509,4.5,
634,2024-02-24,A,4.481,4.5,
635,2024-02-25,A,4.507,4.5,
636,2024-02-26,A,4.498,4.5,
637,2024-02-27,A,4.481,4.5,
638,2024-02-28,A,4.493,4.5,
639,2024-02-29,A,4.505,4.5,
640,2024-03-01,B,4.492,4.5,
641,2024-03-02,A,4.491,4.5,
642,2024-03-03,B,4.486,4.5,
643,2024-03-04,A,4.508,4.5,
644,2024-03-05,B,4.513,4.5,
645,2024-03-06,A,4.503,4.5,
646,2024-03-07,B,4.504,4.5,
647,2024-03-08,B,4.494,4.5,
648,2024-03-09,A,4.477,4.5,
649,2024-03-10,A,4.492,4.5,
650,2024-03-11,B,4.519,4.5,
651,2024-03-12,B,4.518,4.5,
652,2024-03-13,A,4.482,4.5,
653,2024-03-14,B,4.496,4.5,
654,2024-03-15,B,4.508,4.5,
655,2024-03-16,A,4.493,4.5,
656,2024-03-17,B,4.516,4.5,
657,2024-03-18,B,4.501,4.5,
658,2024-03-19,A,4.494,4.5,
659,2024-03-20,B,4.486,4.5,
660,2024-03-21,A,4.497,4.5,
661,2024-03-22,B,4.513,4.5,
662,2024-03-23,A,4.5,4.5,
663,2024-03-24,A,4.511,4.5,
664,2024-03-25,A,4.515,4.5,
665,2024-03-26,B,4.507,4.5,
666,2024-03-27,A,4.505,4.5,
667,2024-03-28,A,4.524,4.5,
668,2024-03-29,A,4.499,4.5,
669,2024-03-30,A,4.509,4.5,
670,2024-03-31,B,4.525,4.5,
671,2024-04-01,A,4.499,4.5,
672,2024-04-02,A,4.507,4.5,
673,2024-04-03,B,4.519,4.5,
674,2024-04-04,B,4.517,4.5,
675,2024-04-05,B,4.515,4.5,
676,2024-04-06,B,4.498,4.5,
677,2024-04-07,B,4.511,4.5,
678,2024-04-08,B,4.515,4.5,
679,2024-04-09,A,4.512,4.5,
680,2024-04-10,B,4.504,4.5,
681,2024-04-11,A,4.525,4.5,
682,2024-04-12,A,4.513,4.5,
683,2024-04-13,A,4.516,4.5,
684,2024-04-14,B,4.518,4.5,
685,2024-04-15,A,4.511,4.5,
686,2024-04-16,B,4.52,4.5,
687,2024-04-17,B,4.499,4.5,
688,2024-04-18,B,4.515,4.5,
689,2024-04-19,A,4.53,4.5,
690,2024-04-20,B,4.516,4.5,
691,2024-04-21,A,4.508,4.5,
692,2024-04-22,B,4.519,4.5,
693,2024-04-23,B,4.512,4.5,
694,2024-04-24,B,4.525,4.5,
695,2024-04-25,B,4.503,4.5,
696,2024-04-26,A,4.516,4.5,
697,2024-04-27,A,4.515,4.5,
698,2024-04-28,A,4.519,4.5,
699,2024-04-29,B,4.527,4.5,
700,2024-04-30,B,4.531,4.5,
701,2024-05-01,B,4.54,4.5,
702,2024-05-02,B,4.536,4.5,
703,2024-05-03,B,4.527,4.5,
704,2024-05-04,A,4.519,4.5,
705,2024-05-05,B,4.504,4.5,
706,2024-05-06,B,4.53,4.5,
707,2024-05-07,B,4.525,4.5,
708,2024-05-08,B,4.524,4.5,
709,2024-05-09,B,4.511,4.5,
710,2024-05-10,B,4.537,4.5,
711,2024-05-11,A,4.527,4.5,
712,2024-05-12,A,4.514,4.5,
713,2024-05-13,A,4.527,4.5,
714,2024-05-14,A,4.537,4.5,
715,2024-05-15,A,4.509,4.5,
716,2024-05-16,A,4.539,4.5,
717,2024-05-17,A,4.534,4.5,
718,2024-05-18,B,4.528,4.5,
719,2024-05-19,B,4.52,4.5,
720,2024-05-20,A,4.544,4.5,
721,2024-05-21,B,4.532,4.5,
722,2024-05-22,A,4.525,4.5,
723,2024-05-23,A,4.523,4.5,
724,2024-05-24,B,4.535,4.5,
725,2024-05-25,A,4.517,4.5,
726,2024-05-26,B,4.529,4.5,
727,2024-05-27,B,4.532,4.5,
728,2024-05-28,B,4.544,4.5,
729,2024-05-29,A,4.518,4.5,
730,2024-05-30,B,4.536,4.5,
731,2024-05-31,B,4.543,4.5,
732,2024-06-01,A,4.535,4.5,
733,2024-06-02,B,4.532,4.5,
734,2024-06-03,A,4.549,4.5,
735,2024-06-04,B,4.535,4.5,
736,2024-06-05,B,4.547,4.5,
737,2024-06-06,B,4.54,4.5,
738,2024-06-07,B,4.536,4.5,
739,2024-06-08,B,4.536,4.5,
740,2024-06-09,B,4.537,4.5,
741,2024-06-10,A,4.554,4.5,
742,2024-06-11,A,4.534,4.5,
743,2024-06-12,A,4.557,4.5,
744,2024-06-13,B,4.535,4.5,
745,2024-06-14,A,4.542,4.5,
746,2024-06-15,B,4.521,4.5,
747,2024-06-16,A,4.558,4.5,
748,2024-06-17,B,4.55,4.5,
749,2024-06-18,A,4.532,4.5,
750,2024-06-19,B,4.545,4.5,
751,2024-06-20,A,4.544,4.5,
752,2024-06-21,B,4.549,4.5,
753,2024-06-22,B,4.545,4.5,
754,2024-06-23,B,4.574,4.5,
755,2024-06-24,A,4.532,4.5,
756,2024-06-25,A,4.552,4.5,
757,2024-06-26,B,4.546,4.5,
758,2024-06-27,A,4.542,4.5,
759,2024-06-28,B,4.526,4.5,
760,2024-06-29,A,4.543,4.5,
761,2024-06-30,B,4.537,4.5,
762,2024-07-01,A,4.556,4.5,
763,2024-07-02,A,4.557,4.5,
764,2024-07-03,B,4.565,4.5,
765,2024-07-04,A,4.544,4.5,
766,2024-07-05,A,4.549,4.5,
767,2024-07-06,A,4.569,4.5,
768,2024-07-07,A,4.55,4.5,
769,2024-07-08,B,4.566,4.5,
770,2024-07-09,B,4.542,4.5,
771,2024-07-10,A,4.538,4.5,
772,2024-07-11,B,4.554,4.5,
773,2024-07-12,B,4.57,4.5,
774,2024-07-13,A,4.557,4.5,
775,2024-07-14,B,4.555,4.5,
776,2024-07-15,A,4.544,4.5,
777,2024-07-16,A,4.554,4.5,
778,2024-07-17,B,4.564,4.5,
779,2024-07-18,B,4.557,4.5,
780,2024-07-19,A,4.554,4.5,
781,2024-07-20,B,4.56,4.5,
782,2024-07-21,B,4.567,4.5,
783,2024-07-22,A,4.559,4.5,
784,2024-07-23,A,4.551,4.5,
785,2024-07-24,B,4.566,4.5,
786,2024-07-25,B,4.562,4.5,
787,2024-07-26,B,4.563,4.5,
788,2024-07-27,A,4.554,4.5,
789,2024-07-28,B,4.575,4.5,
790,2024-07-29,B,4.562,4.5,
791,2024-07-30,B,4.567,4.5,
792,2024-07-31,A,4.57,4.5,
793,2024-08-01,B,4.56,4.5,
794,2024-08-02,B,4.561,4.5,
795,2024-08-03,B,4.567,4.5,
796,2024-08-04,B,4.583,4.5,
797,2024-08-05,A,4.575,4.5,
798,2024-08-06,A,4.558,4.5,
799,2024-08-07,B,4.564,4.5,
800,2024-08-08,A,4.554,4.5,
801,2024-08-09,A,4.575,4.5,
802,2024-08-10,B,4.583,4.5,
803,2024-08-11,B,4.586,4.5,
804,2024-08-12,A,4.589,4.5,
805,2024-08-13,B,4.568,4.5,
806,2024-08-14,A,4.561,4.5,
807,2024-08-15,B,4.58,4.5,
808,2024-08-16,A,4.571,4.5,
809,2024-08-17,A,4.56,4.5,
810,2024-08-18,A,4.557,4.5,
811,2024-08-19,A,4.578,4.5,
812,2024-08-20,B,4.577,4.5,
813,2024-08-21,B,4.554,4.5,
814,2024-08-22,B,4.573,4.5,
815,2024-08-23,A,4.583,4.5,
816,2024-08-24,A,4.571,4.5,
817,2024-08-25,B,4.566,4.5,
818,2024-08-26,A,4.563,4.5,
819,2024-08-27,A,4.568,4.5,
820,2024-08-28,B,4.585,4.5,
821,2024-08-29,A,4.573,4.5,
822,2024-08-30,B,4.596,4.5,
823,2024-08-31,B,4.595,4.5,
824,2024-09-01,B,4.57,4.5,
825,2024-09-02,B,4.58,4.5,
826,2024-09-03,A,4.577,4.5,
827,2024-09-04,A,4.59,4.5,
828,2024-09-05,B,4.597,4.5,
829,2024-09-06,B,4.574,4.5,
830,2024-09-07,B,4.595,4.5,
831,2024-09-08,A,4.577,4.5,
832,2024-09-09,B,4.596,4.5,
833,2024-09-10,A,4.565,4.5,
834,2024-09-11,B,4.573,4.5,
835,2024-09-12,A,4.587,4.5,
836,2024-09-13,B,4.592,4.5,
837,2024-09-14,A,4.596,4.5,
838,2024-09-15,A,4.583,4.5,
839,2024-09-16,A,4.582,4.5,
840,2024-09-17,A,4.602,4.5,
841,2024-09-18,B,4.601,4.5,
842,2024-09-19,A,4.606,4.5,
843,2024-09-20,B,4.595,4.5,
844,2024-09-21,B,4.579,4.5,
845,2024-09-22,A,4.592,4.5,
846,2024-09-23,B,4.584,4.5,
847,2024-09-24,A,4.607,4.5,
848,2024-09-25,B,4.603,4.5,
849,2024-09-26,A,4.573,4.5,
850,2024-09-27,B,4.594,4.5,
851,2024-09-28,A,4.598,4.5,
852,2024-09-29,B,4.579,4.5,
853,2024-09-30,B,4.572,4.5,
854,2024-10-01,B,4.594,4.5,
855,2024-10-02,A,4.605,4.5,
856,2024-10-03,A,4.598,4.5,
857,2024-10-04,B,4.605,4.5,
858,2024-10-05,B,4.596,4.5,
859,2024-10-06,B,4.614,4.5,
860,2024-10-07,B,4.597,4.5,
861,2024-10-08,B,4.616,4.5,
862,2024-10-09,A,4.597,4.5,
863,2024-10-10,B,4.602,4.5,
864,2024-10-11,A,4.59,4.5,
865,2024-10-12,B,4.574,4.5,
866,2024-10-13,A,4.604,4.5,
867,2024-10-14,B,4.6,4.5,
868,2024-10-15,B,4.598,4.5,
869,2024-10-16,A,4.604,4.5,
870,2024-10-17,B,4.596,4.5,
871,2024-10-18,B,4.597,4.5,
872,2024-10-19,B,4.594,4.5,
873,2024-10-20,A,4.611,4.5,
874,2024-10-21,A,4.614,4.5,
875,2024-10-22,B,4.597,4.5,
876,2024-10-23,A,4.606,4.5,
877,2024-10-24,A,4.599,4.5,
878,2024-10-25,B,4.601,4.5,
879,2024-10-26,B,4.602,4.5,
880,2024-10-27,B,4.604,4.5,
881,2024-10-28,A,4.616,4.5,
882,2024-10-29,B,4.617,4.5,
883,2024-10-30,A,4.601,4.5,
884,2024-10-31,A,4.613,4.5,
885,2024-11-01,B,4.618,4.5,
886,2024-11-02,A,4.601,4.5,
887,2024-11-03,B,4.607,4.5,
888,2024-11-04,B,4.61,4.5,
889,2024-11-05,B,4.593,4.5,
890,2024-11-06,A,4.615,4.5,
891,2024-11-07,A,4.634,4.5,
892,2024-11-08,B,4.612,4.5,
893,2024-11-09,B,4.619,4.5,
894,2024-11-10,B,4.61,4.5,
895,2024-11-11,A,4.616,4.5,
896,2024-11-12,A,4.619,4.5,
897,2024-11-13,A,4.613,4.5,
898,2024-11-14,B,4.608,4.5,
899,2024-11-15,B,4.613,4.5,
900,2024-11-16,A,4.604,4.5,
901,2024-11-17,A,4.622,4.5,
902,2024-11-18,A,4.633,4.5,
903,2024-11-19,B,4.617,4.5,
904,2024-11-20,B,4.607,4.5,
905,2024-11-21,A,4.633,4.5,
906,2024-11-22,A,4.615,4.5,
907,2024-11-23,B,4.632,4.5,
908,2024-11-24,B,4.614,4.5,
909,2024-11-25,A,4.616,4.5,
910,2024-11-26,B,4.607,4.5,
911,2024-11-27,A,4.618,4.5,
912,2024-11-28,B,4.613,4.5,
913,2024-11-29,A,4.617,4.5,
914,2024-11-30,B,4.622,4.5,
915,2024-12-01,A,4.635,4.5,
916,2024-12-02,B,4.622,4.5,
917,2024-12-03,B,4.629,4.5,
918,2024-12-04,B,4.617,4.5,
919,2024-12-05,B,4.632,4.5,
920,2024-12-06,B,4.633,4.5,
921,2024-12-07,B,4.613,4.5,
922,2024-12-08,A,4.638,4.5,
923,2024-12-09,B,4.619,4.5,
924,2024-12-10,B,4.645,4.5,
925,2024-12-11,B,4.632,4.5,
926,2024-12-12,A,4.612,4.5,
927,2024-12-13,B,4.615,4.5,
928,2024-12-14,B,4.608,4.5,
929,2024-12-15,B,4.635,4.5,
930,2024-12-16,B,4.634,4.5,
931,2024-12-17,A,4.628,4.5,
932,2024-12-18,A,4.627,4.5,
933,2024-12-19,B,4.621,4.5,
934,2024-12-20,A,4.627,4.5,
935,2024-12-21,B,4.636,4.5,
936,2024-12-22,A,4.628,4.5,
937,2024-12-23,B,4.642,4.5,
938,2024-12-24,A,4.627,4.5,
939,2024-12-25,B,4.64,4.5,
940,2024-12-26,A,4.643,4.5,
941,2024-12-27,B,4.636,4.5,
942,2024-12-28,B,4.632,4.5,
943,2024-12-29,B,4.638,4.5,
944,2024-12-30,B,4.632,4.5,
945,2024-12-31,A,4.627,4.5,
946,2025-01-01,A,4.629,4.5,
947,2025-01-02,B,4.639,4.5,
948,2025-01-03,B,4.642,4.5,
949,2025-01-04,B,4.639,4.5,
950,2025-01-05,A,4.637,4.5,
951,2025-01-06,B,4.636,4.5,
952,2025-01-07,B,4.626,4.5,
953,2025-01-08,A,4.628,4.5,
954,2025-01-09,A,4.633,4.5,
955,2025-01-10,B,4.638,4.5,
956,2025-01-11,B,4.653,4.5,
957,2025-01-12,B,4.635,4.5,
958,2025-01-13,A,4.656,4.5,
959,2025-01-14,A,4.657,4.5,
960,2025-01-15,A,4.656,4.5,
961,2025-01-16,B,4.652,4.5,
962,2025-01-17,B,4.641,4.5,
963,2025-01-18,A,4.619,4.5,
964,2025-01-19,B,4.642,4.5,
965,2025-01-20,A,4.648,4.5,
966,2025-01-21,A,4.651,4.5,
967,2025-01-22,B,4.643,4.5,
968,2025-01-23,A,4.636,4.5,
969,2025-01-24,B,4.635,4.5,
970,2025-01-25,B,4.648,4.5,
971,2025-01-26,A,4.633,4.5,
972,2025-01-27,B,4.654,4.5,
973,2025-01-28,B,4.663,4.5,
974,2025-01-29,A,4.643,4.5,
975,2025-01-30,B,4.644,4.5,
976,2025-01-31,B,4.648,4.5,
