visit_date,day_of_week,visit_count,unique_customers,total_revenue,avg_revenue_per_visit
2022-06-15,3.0,6,4,40.0,6.67
2022-06-16,4.0,10,7,61.5,6.15
2022-06-17,5.0,6,4,34.5,5.75
2022-06-18,6.0,16,8,148.5,9.28
2022-06-19,0.0,11,8,77.5,7.05
2022-06-20,1.0,9,7,45.0,5.0
2022-06-21,2.0,5,4,12.0,2.4
2022-06-22,3.0,7,4,36.5,5.21
2022-06-23,4.0,8,6,84.0,10.5
2022-06-24,5.0,10,6,133.0,13.3
2022-06-25,6.0,14,7,132.5,9.46
2022-06-26,0.0,11,7,70.0,6.36
2022-06-27,1.0,6,4,20.0,3.33
2022-06-28,2.0,6,3,35.5,5.92
2022-06-29,3.0,6,5,65.0,10.83
2022-06-30,4.0,7,5,51.5,7.36
2022-07-01,5.0,7,5,49.5,7.07
2022-07-02,6.0,11,6,86.0,7.82
2022-07-03,0.0,12,9,88.0,7.33
2022-07-04,1.0,9,6,127.5,14.17
2022-07-05,2.0,5,4,65.5,13.1
2022-07-06,3.0,4,3,28.5,7.13
2022-07-07,4.0,9,8,122.5,13.61
2022-07-08,5.0,7,5,48.0,6.86
2022-07-09,6.0,12,8,125.0,10.42
2022-07-10,0.0,13,9,86.0,6.62
2022-07-11,1.0,8,5,30.5,3.81
2022-07-12,2.0,5,4,27.0,5.4
2022-07-13,3.0,10,7,98.5,9.85
2022-07-14,4.0,7,7,21.5,3.07
2022-07-15,5.0,7,5,19.5,2.79
2022-07-16,6.0,11,8,93.0,8.45
2022-07-17,0.0,12,8,163.0,13.58
2022-07-18,1.0,8,6,28.5,3.56
2022-07-19,2.0,8,6,4.0,0.5
2022-07-20,3.0,7,5,98.5,14.07
2022-07-21,4.0,5,4,10.0,2.0
2022-07-22,5.0,6,5,57.0,9.5
2022-07-23,6.0,11,7,85.5,7.77
2022-07-24,0.0,8,8,88.0,11.0
2022-07-25,1.0,5,5,33.5,6.7
2022-07-26,2.0,6,5,84.0,14.0
2022-07-27,3.0,6,6,22.5,3.75
2022-07-28,4.0,12,7,69.5,5.79
2022-07-29,5.0,9,7,55.5,6.17
2022-07-30,6.0,7,6,30.5,4.36
2022-07-31,0.0,4,3,34.0,8.5
2022-08-01,1.0,8,7,53.5,6.69
2022-08-02,2.0,6,4,70.5,11.75
2022-08-03,3.0,5,5,22.0,4.4
2022-08-04,4.0,10,9,72.5,7.25
2022-08-05,5.0,11,6,79.0,7.18
2022-08-06,6.0,13,8,120.5,9.27
2022-08-07,0.0,13,9,138.5,10.65
2022-08-08,1.0,9,8,56.5,6.28
2022-08-09,2.0,9,8,93.5,10.39
2022-08-10,3.0,6,6,85.0,14.17
2022-08-11,4.0,4,4,57.0,14.25
2022-08-12,5.0,8,7,55.0,6.88
2022-08-13,6.0,12,9,85.5,7.13
2022-08-14,0.0,7,6,28.5,4.07
2022-08-15,1.0,6,4,25.5,4.25
2022-08-16,2.0,6,5,40.5,6.75
2022-08-17,3.0,5,5,23.0,4.6
2022-08-18,4.0,8,6,49.5,6.19
2022-08-19,5.0,5,5,33.0,6.6
2022-08-20,6.0,9,7,125.5,13.94
2022-08-21,0.0,10,8,83.0,8.3
2022-08-22,1.0,3,3,12.0,4.0
2022-08-23,2.0,8,6,44.0,5.5
2022-08-24,3.0,6,5,50.0,8.33
2022-08-25,4.0,7,6,48.0,6.86
2022-08-26,5.0,8,5,44.5,5.56
2022-08-27,6.0,16,10,157.0,9.81
2022-08-28,0.0,7,7,57.0,8.14
2022-08-29,1.0,5,5,18.5,3.7
2022-08-30,2.0,8,6,55.5,6.94
2022-08-31,3.0,6,6,56.0,9.33
2022-09-01,4.0,14,9,212.0,15.14
2022-09-02,5.0,6,5,49.5,8.25
2022-09-03,6.0,9,6,100.5,11.17
2022-09-04,0.0,10,8,34.0,3.4
2022-09-05,1.0,11,9,99.5,9.05
2022-09-06,2.0,8,8,48.5,6.06
2022-09-07,3.0,12,9,73.5,6.13
2022-09-08,4.0,7,6,67.0,9.57
2022-09-09,5.0,10,9,84.0,8.4
2022-09-10,6.0,18,12,166.0,9.22
2022-09-11,0.0,10,6,99.0,9.9
2022-09-12,1.0,8,8,61.0,7.63
2022-09-13,2.0,9,6,63.0,7.0
2022-09-14,3.0,11,9,91.5,8.32
2022-09-15,4.0,10,8,93.5,9.35
2022-09-16,5.0,11,8,101.5,9.23
2022-09-17,6.0,24,15,181.5,7.56
2022-09-18,0.0,10,8,96.5,9.65
2022-09-19,1.0,8,6,54.5,6.81
2022-09-20,2.0,4,4,17.5,4.38
2022-09-21,3.0,8,6,38.5,4.81
2022-09-22,4.0,11,8,80.5,7.32
2022-09-23,5.0,12,9,78.0,6.5
2022-09-24,6.0,10,7,70.0,7.0
2022-09-25,0.0,12,10,87.5,7.29
2022-09-26,1.0,10,9,76.0,7.6
2022-09-27,2.0,7,5,58.5,8.36
2022-09-28,3.0,11,8,68.0,6.18
2022-09-29,4.0,11,9,68.5,6.23
2022-09-30,5.0,11,10,76.5,6.95
2022-10-01,6.0,13,10,82.0,6.31
2022-10-02,0.0,11,9,79.5,7.23
2022-10-03,1.0,8,7,34.5,4.31
2022-10-04,2.0,8,8,71.0,8.88
2022-10-05,3.0,10,9,52.0,5.2
2022-10-06,4.0,16,10,126.0,7.88
2022-10-07,5.0,9,6,70.5,7.83
2022-10-08,6.0,21,14,164.0,7.81
2022-10-09,0.0,21,10,153.5,7.31
2022-10-10,1.0,11,10,114.5,10.41
2022-10-11,2.0,12,11,118.0,9.83
2022-10-12,3.0,5,4,61.5,12.3
2022-10-13,4.0,9,8,72.0,8.0
2022-10-14,5.0,8,6,76.0,9.5
2022-10-15,6.0,14,11,121.0,8.64
2022-10-16,0.0,9,8,71.5,7.94
2022-10-17,1.0,11,9,82.0,7.45
2022-10-18,2.0,13,9,180.0,13.85
2022-10-19,3.0,6,6,24.0,4.0
2022-10-20,4.0,14,10,156.0,11.14
2022-10-21,5.0,9,5,60.5,6.72
2022-10-22,6.0,17,13,105.0,6.18
2022-10-23,0.0,18,13,76.5,4.25
2022-10-24,1.0,8,5,24.5,3.06
2022-10-25,2.0,11,10,145.0,13.18
2022-10-26,3.0,8,8,42.0,5.25
2022-10-27,4.0,10,8,79.5,7.95
2022-10-28,5.0,9,8,43.0,4.78
2022-10-29,6.0,27,12,168.0,6.22
2022-10-30,0.0,14,11,126.0,9.0
2022-10-31,1.0,13,10,106.0,8.15
2022-11-01,2.0,8,6,66.0,8.25
2022-11-02,3.0,10,7,58.0,5.8
2022-11-03,4.0,11,9,107.0,9.73
2022-11-04,5.0,10,8,50.0,5.0
2022-11-05,6.0,14,12,104.5,7.46
2022-11-06,0.0,11,9,100.5,9.14
2022-11-07,1.0,8,7,86.0,10.75
2022-11-08,2.0,10,9,119.5,11.95
2022-11-09,3.0,12,8,89.0,7.42
2022-11-10,4.0,7,7,39.0,5.57
2022-11-11,5.0,11,9,141.5,12.86
2022-11-12,6.0,16,11,110.0,6.88
2022-11-13,0.0,12,8,169.5,14.13
2022-11-14,1.0,9,6,107.0,11.89
2022-11-15,2.0,9,8,80.5,8.94
2022-11-16,3.0,8,8,16.0,2.0
2022-11-17,4.0,9,7,56.0,6.22
2022-11-18,5.0,11,10,74.0,6.73
2022-11-19,6.0,13,12,40.5,3.12
2022-11-20,0.0,13,10,96.0,7.38
2022-11-21,1.0,9,7,74.5,8.28
2022-11-22,2.0,9,7,80.5,8.94
2022-11-23,3.0,10,6,100.0,10.0
2022-11-24,4.0,8,7,64.5,8.06
2022-11-25,5.0,10,8,89.5,8.95
2022-11-26,6.0,20,14,137.0,6.85
2022-11-27,0.0,13,10,124.5,9.58
2022-11-28,1.0,10,9,90.5,9.05
2022-11-29,2.0,11,9,121.5,11.05
2022-11-30,3.0,9,9,77.5,8.61
2022-12-01,4.0,19,16,136.5,7.18
2022-12-02,5.0,13,11,111.5,8.58
2022-12-03,6.0,17,11,103.5,6.09
2022-12-04,0.0,16,12,177.5,11.09
2022-12-05,1.0,12,10,126.5,10.54
2022-12-06,2.0,5,5,25.5,5.1
2022-12-07,3.0,13,12,101.5,7.81
2022-12-08,4.0,14,10,90.5,6.46
2022-12-09,5.0,10,8,53.5,5.35
2022-12-10,6.0,21,15,191.5,9.12
2022-12-11,0.0,10,9,40.5,4.05
2022-12-12,1.0,6,5,8.5,1.42
2022-12-13,2.0,14,10,134.5,9.61
2022-12-14,3.0,9,9,50.5,5.61
2022-12-15,4.0,11,9,59.5,5.41
2022-12-16,5.0,7,7,57.0,8.14
2022-12-17,6.0,20,16,115.0,5.75
2022-12-18,0.0,10,9,133.5,13.35
2022-12-19,1.0,8,7,71.5,8.94
2022-12-20,2.0,9,6,133.5,14.83
2022-12-21,3.0,13,11,109.0,8.38
2022-12-22,4.0,11,7,58.0,5.27
2022-12-23,5.0,10,9,78.0,7.8
2022-12-24,6.0,12,10,81.5,6.79
2022-12-26,1.0,14,13,131.0,9.36
2022-12-27,2.0,9,9,78.5,8.72
2022-12-28,3.0,9,7,96.5,10.72
2022-12-29,4.0,9,6,61.0,6.78
2022-12-30,5.0,10,8,110.5,11.05
2022-12-31,6.0,12,10,92.5,7.71
2023-01-02,1.0,9,7,55.0,6.11
2023-01-03,2.0,9,8,75.5,8.39
2023-01-04,3.0,8,7,60.0,7.5
2023-01-05,4.0,11,10,87.5,7.95
2023-01-06,5.0,8,7,20.5,2.56
2023-01-07,6.0,8,8,47.5,5.94
2023-01-08,0.0,17,12,174.0,10.24
2023-01-09,1.0,7,7,58.5,8.36
2023-01-10,2.0,7,6,62.0,8.86
2023-01-11,3.0,6,6,28.5,4.75
2023-01-12,4.0,8,7,87.5,10.94
2023-01-13,5.0,4,3,23.0,5.75
2023-01-14,6.0,13,9,211.0,16.23
2023-01-15,0.0,13,11,110.0,8.46
2023-01-16,1.0,6,6,55.0,9.17
2023-01-17,2.0,12,10,67.5,5.63
2023-01-18,3.0,8,8,74.0,9.25
2023-01-19,4.0,7,6,20.0,2.86
2023-01-20,5.0,10,10,61.0,6.1
2023-01-21,6.0,11,9,101.0,9.18
2023-01-22,0.0,10,9,99.0,9.9
2023-01-23,1.0,10,8,82.0,8.2
2023-01-24,2.0,8,7,63.0,7.88
2023-01-25,3.0,4,4,18.0,4.5
2023-01-26,4.0,6,6,58.5,9.75
2023-01-27,5.0,5,5,40.5,8.1
2023-01-28,6.0,18,17,180.0,10.0
2023-01-29,0.0,15,10,138.0,9.2
2023-01-30,1.0,9,8,83.5,9.28
2023-01-31,2.0,8,6,41.5,5.19
2023-02-01,3.0,11,10,153.0,13.91
2023-02-02,4.0,18,16,180.5,10.03
2023-02-03,5.0,13,13,124.5,9.58
2023-02-04,6.0,15,14,174.0,11.6
2023-02-05,0.0,11,8,110.5,10.05
2023-02-06,1.0,10,8,46.0,4.6
2023-02-07,2.0,8,8,92.0,11.5
2023-02-08,3.0,9,9,73.5,8.17
2023-02-09,4.0,9,9,53.0,5.89
2023-02-10,5.0,6,6,28.5,4.75
2023-02-11,6.0,13,12,101.5,7.81
2023-02-12,0.0,13,12,95.0,7.31
2023-02-13,1.0,9,9,88.5,9.83
2023-02-14,2.0,14,13,153.5,10.96
2023-02-15,3.0,5,5,51.0,10.2
2023-02-16,4.0,11,10,86.0,7.82
2023-02-17,5.0,10,9,81.5,8.15
2023-02-18,6.0,15,14,139.5,9.3
2023-02-19,0.0,16,14,167.5,10.47
2023-02-20,1.0,8,7,51.5,6.44
2023-02-21,2.0,7,7,45.5,6.5
2023-02-22,3.0,7,7,37.5,5.36
2023-02-23,4.0,10,10,135.0,13.5
2023-02-24,5.0,11,10,54.5,4.95
2023-02-25,6.0,25,20,190.0,7.6
2023-02-26,0.0,17,16,154.0,9.06
2023-02-27,1.0,10,10,57.0,5.7
2023-02-28,2.0,6,6,75.0,12.5
2023-03-01,3.0,10,9,63.0,6.3
2023-03-02,4.0,11,11,65.5,5.95
2023-03-03,5.0,12,10,63.0,5.25
2023-03-04,6.0,15,13,134.0,8.93
2023-03-05,0.0,15,15,108.0,7.2
2023-03-06,1.0,10,8,124.0,12.4
2023-03-07,2.0,11,10,102.5,9.32
2023-03-08,3.0,17,15,144.0,8.47
2023-03-09,4.0,10,9,34.0,3.4
2023-03-10,5.0,15,15,117.5,7.83
2023-03-11,6.0,17,14,117.0,6.88
2023-03-12,0.0,21,19,188.5,8.98
2023-03-13,1.0,5,5,43.0,8.6
2023-03-14,2.0,9,8,73.5,8.17
2023-03-15,3.0,11,9,54.0,4.91
2023-03-16,4.0,7,6,49.5,7.07
2023-03-17,5.0,12,10,76.0,6.33
2023-03-18,6.0,20,17,124.5,6.23
2023-03-19,0.0,11,10,79.5,7.23
2023-03-20,1.0,10,9,61.5,6.15
2023-03-21,2.0,12,12,138.0,11.5
2023-03-22,3.0,11,10,135.0,12.27
2023-03-23,4.0,14,13,130.5,9.32
2023-03-24,5.0,14,14,117.0,8.36
2023-03-25,6.0,21,18,195.5,9.31
2023-03-26,0.0,16,11,137.0,8.56
2023-03-27,1.0,12,12,117.5,9.79
2023-03-28,2.0,9,9,113.0,12.56
2023-03-29,3.0,10,10,75.5,7.55
2023-03-30,4.0,9,8,74.5,8.28
2023-03-31,5.0,9,7,57.5,6.39
2023-04-01,6.0,24,20,267.0,11.13
2023-04-02,0.0,18,14,92.0,5.11
2023-04-03,1.0,13,11,125.0,9.62
2023-04-04,2.0,13,12,100.0,7.69
2023-04-05,3.0,14,13,119.5,8.54
2023-04-06,4.0,10,10,62.0,6.2
2023-04-07,5.0,22,17,227.5,10.34
2023-04-08,6.0,29,25,196.5,6.78
2023-04-09,0.0,26,24,181.5,6.98
2023-04-10,1.0,14,14,116.5,8.32
2023-04-11,2.0,10,10,66.5,6.65
2023-04-12,3.0,19,17,230.5,12.13
2023-04-13,4.0,16,14,80.0,5.0
2023-04-14,5.0,13,13,70.5,5.42
2023-04-15,6.0,19,17,151.5,7.97
2023-04-16,0.0,19,16,204.5,10.76
2023-04-17,1.0,18,17,164.5,9.14
2023-04-18,2.0,13,13,165.5,12.73
2023-04-19,3.0,10,9,98.5,9.85
2023-04-20,4.0,16,14,146.0,9.13
2023-04-21,5.0,14,13,69.0,4.93
2023-04-22,6.0,17,15,142.0,8.35
2023-04-23,0.0,15,13,71.5,4.77
2023-04-24,1.0,11,9,73.0,6.64
2023-04-25,2.0,7,6,70.0,10.0
2023-04-26,3.0,10,10,52.5,5.25
2023-04-27,4.0,16,14,137.5,8.59
2023-04-28,5.0,5,5,42.0,8.4
2023-04-29,6.0,21,20,246.0,11.71
2023-04-30,0.0,15,14,125.0,8.33
2023-05-01,1.0,15,13,210.5,14.03
2023-05-02,2.0,15,14,199.0,13.27
2023-05-03,3.0,21,20,172.0,8.19
2023-05-04,4.0,23,20,181.5,7.89
2023-05-05,5.0,14,12,130.5,9.32
2023-05-06,6.0,23,18,191.5,8.33
2023-05-07,0.0,15,14,147.0,9.8
2023-05-08,1.0,21,19,244.5,11.64
2023-05-09,2.0,12,11,61.0,5.08
2023-05-10,3.0,18,14,160.5,8.92
2023-05-11,4.0,14,13,182.0,13.0
2023-05-12,5.0,14,14,120.5,8.61
2023-05-13,6.0,28,23,260.5,9.3
2023-05-14,0.0,27,24,216.5,8.02
2023-05-15,1.0,12,12,95.0,7.92
2023-05-16,2.0,21,17,140.0,6.67
2023-05-17,3.0,11,11,71.5,6.5
2023-05-18,4.0,17,17,147.0,8.65
2023-05-19,5.0,12,12,105.0,8.75
2023-05-20,6.0,18,17,155.5,8.64
2023-05-21,0.0,17,17,171.5,10.09
2023-05-22,1.0,14,11,121.0,8.64
2023-05-23,2.0,11,10,102.5,9.32
2023-05-24,3.0,14,12,118.0,8.43
2023-05-25,4.0,9,9,73.0,8.11
2023-05-26,5.0,13,13,110.0,8.46
2023-05-27,6.0,29,23,341.5,11.78
2023-05-28,0.0,25,23,233.5,9.34
2023-05-29,1.0,18,17,144.0,8.0
2023-05-30,2.0,17,14,117.0,6.88
2023-05-31,3.0,13,12,129.5,9.96
2023-06-01,4.0,14,14,212.0,15.14
2023-06-02,5.0,13,13,62.5,4.81
2023-06-03,6.0,22,18,153.0,6.95
2023-06-04,0.0,18,16,128.0,7.11
2023-06-05,1.0,13,12,192.5,14.81
2023-06-06,2.0,15,15,81.0,5.4
2023-06-07,3.0,15,12,108.0,7.2
2023-06-08,4.0,22,18,177.0,8.05
2023-06-09,5.0,14,12,105.0,7.5
2023-06-10,6.0,29,22,151.5,5.22
2023-06-11,0.0,18,14,209.5,11.64
2023-06-12,1.0,14,13,33.5,2.39
2023-06-13,2.0,9,9,86.5,9.61
2023-06-14,3.0,17,15,105.0,6.18
2023-06-15,4.0,13,13,49.0,3.77
2023-06-16,5.0,11,10,81.5,7.41
2023-06-17,6.0,24,23,190.5,7.94
2023-06-18,0.0,19,17,191.5,10.08
2023-06-19,1.0,13,11,64.0,4.92
2023-06-20,2.0,14,11,45.0,3.21
2023-06-21,3.0,21,20,189.5,9.02
2023-06-22,4.0,7,7,45.0,6.43
2023-06-23,5.0,12,11,125.0,10.42
2023-06-24,6.0,18,16,92.0,5.11
2023-06-25,0.0,27,21,277.5,10.28
2023-06-26,1.0,15,12,184.5,12.3
2023-06-27,2.0,12,12,116.5,9.71
2023-06-28,3.0,15,13,138.5,9.23
2023-06-29,4.0,10,9,89.5,8.95
2023-06-30,5.0,15,14,132.0,8.8
2023-07-01,6.0,24,22,165.5,6.9
2023-07-02,0.0,16,15,169.0,10.56
2023-07-03,1.0,7,7,27.0,3.86
2023-07-04,2.0,13,13,189.0,14.54
2023-07-05,3.0,16,14,73.5,4.59
2023-07-06,4.0,20,18,226.5,11.33
2023-07-07,5.0,9,9,142.0,15.78
2023-07-08,6.0,18,16,204.5,11.36
2023-07-09,0.0,21,18,172.0,8.19
2023-07-10,1.0,10,9,42.0,4.2
2023-07-11,2.0,13,13,101.0,7.77
2023-07-12,3.0,7,7,126.0,18.0
2023-07-13,4.0,17,17,153.0,9.0
2023-07-14,5.0,16,15,147.5,9.22
2023-07-15,6.0,21,19,136.5,6.5
2023-07-16,0.0,18,16,158.5,8.81
2023-07-17,1.0,11,11,102.0,9.27
2023-07-18,2.0,14,13,129.5,9.25
2023-07-19,3.0,14,14,73.0,5.21
2023-07-20,4.0,17,16,131.0,7.71
2023-07-21,5.0,12,11,119.0,9.92
2023-07-22,6.0,16,15,99.5,6.22
2023-07-23,0.0,21,18,215.5,10.26
2023-07-24,1.0,17,16,151.0,8.88
2023-07-25,2.0,13,13,207.0,15.92
2023-07-26,3.0,8,8,125.0,15.63
2023-07-27,4.0,14,13,123.0,8.79
2023-07-28,5.0,14,14,71.0,5.07
2023-07-29,6.0,26,23,192.0,7.38
2023-07-30,0.0,20,18,100.5,5.03
2023-07-31,1.0,14,12,141.0,10.07
2023-08-01,2.0,10,10,39.0,3.9
2023-08-02,3.0,11,11,31.0,2.82
2023-08-03,4.0,14,14,125.0,8.93
2023-08-04,5.0,17,15,198.5,11.68
2023-08-05,6.0,24,22,201.0,8.38
2023-08-06,0.0,29,26,303.0,10.45
2023-08-07,1.0,19,19,157.0,8.26
2023-08-08,2.0,5,5,49.0,9.8
2023-08-09,3.0,15,15,85.0,5.67
2023-08-10,4.0,9,8,78.5,8.72
2023-08-11,5.0,12,11,53.5,4.46
2023-08-12,6.0,29,25,222.5,7.67
2023-08-13,0.0,8,8,40.0,5.0
2023-08-14,1.0,20,16,108.0,5.4
2023-08-15,2.0,18,18,154.5,8.58
2023-08-16,3.0,13,12,64.0,4.92
2023-08-17,4.0,10,9,93.0,9.3
2023-08-18,5.0,15,14,66.5,4.43
2023-08-19,6.0,27,22,223.0,8.26
2023-08-20,0.0,20,18,157.5,7.88
2023-08-21,1.0,17,15,154.0,9.06
2023-08-22,2.0,17,16,78.5,4.62
2023-08-23,3.0,19,14,186.0,9.79
2023-08-24,4.0,19,18,179.5,9.45
2023-08-25,5.0,12,12,61.5,5.13
2023-08-26,6.0,27,22,186.0,6.89
2023-08-27,0.0,19,16,179.5,9.45
2023-08-28,1.0,18,17,137.5,7.64
2023-08-29,2.0,14,14,145.0,10.36
2023-08-30,3.0,18,15,192.0,10.67
2023-08-31,4.0,14,13,118.0,8.43
2023-09-01,5.0,17,15,105.0,6.18
2023-09-02,6.0,21,19,229.0,10.9
2023-09-03,0.0,22,19,171.0,7.77
2023-09-04,1.0,22,20,243.5,11.07
2023-09-05,2.0,18,17,163.5,9.08
2023-09-06,3.0,22,18,200.0,9.09
2023-09-07,4.0,22,17,196.5,8.93
2023-09-08,5.0,18,15,90.0,5.0
2023-09-09,6.0,31,23,238.5,7.69
2023-09-10,0.0,25,24,203.0,8.12
2023-09-11,1.0,9,8,32.5,3.61
2023-09-12,2.0,23,19,162.0,7.04
2023-09-13,3.0,17,15,80.0,4.71
2023-09-14,4.0,16,14,161.5,10.09
2023-09-15,5.0,20,19,167.5,8.38
2023-09-16,6.0,30,24,194.0,6.47
2023-09-17,0.0,26,24,223.5,8.6
2023-09-18,1.0,12,11,148.5,12.38
2023-09-19,2.0,20,18,269.5,13.48
2023-09-20,3.0,15,15,80.0,5.33
2023-09-21,4.0,19,19,220.5,11.61
2023-09-22,5.0,16,15,109.5,6.84
2023-09-23,6.0,21,20,152.5,7.26
2023-09-24,0.0,25,23,192.0,7.68
2023-09-25,1.0,12,12,124.0,10.33
2023-09-26,2.0,16,16,181.0,11.31
2023-09-27,3.0,18,17,173.0,9.61
2023-09-28,4.0,20,19,137.5,6.88
2023-09-29,5.0,15,14,141.0,9.4
2023-09-30,6.0,30,23,187.5,6.25
2023-10-01,0.0,26,24,264.5,10.17
2023-10-02,1.0,28,26,218.0,7.79
2023-10-03,2.0,20,20,236.5,11.83
2023-10-04,3.0,18,18,283.5,15.75
2023-10-05,4.0,15,13,219.0,14.6
2023-10-06,5.0,17,17,176.0,10.35
2023-10-07,6.0,28,25,196.5,7.02
2023-10-08,0.0,38,35,335.5,8.83
2023-10-09,1.0,17,15,123.0,7.24
2023-10-10,2.0,14,12,150.0,10.71
2023-10-11,3.0,14,11,138.0,9.86
2023-10-12,4.0,14,13,122.5,8.75
2023-10-13,5.0,13,13,160.0,12.31
2023-10-14,6.0,19,18,182.0,9.58
2023-10-15,0.0,20,15,140.0,7.0
2023-10-16,1.0,14,13,108.5,7.75
2023-10-17,2.0,16,14,112.5,7.03
2023-10-18,3.0,16,15,113.5,7.09
2023-10-19,4.0,24,23,227.5,9.48
2023-10-20,5.0,22,18,169.5,7.7
2023-10-21,6.0,26,21,141.5,5.44
2023-10-22,0.0,19,19,147.5,7.76
2023-10-23,1.0,15,14,152.0,10.13
2023-10-24,2.0,22,22,86.5,3.93
2023-10-25,3.0,18,18,120.0,6.67
2023-10-26,4.0,21,20,155.0,7.38
2023-10-27,5.0,21,19,167.0,7.95
2023-10-28,6.0,24,21,126.0,5.25
2023-10-29,0.0,15,15,139.5,9.3
2023-10-30,1.0,17,16,157.0,9.24
2023-10-31,2.0,23,21,126.5,5.5
2023-11-01,3.0,23,21,174.5,7.59
2023-11-02,4.0,25,22,175.0,7.0
2023-11-03,5.0,20,20,136.5,6.83
2023-11-04,6.0,27,24,214.0,7.93
2023-11-05,0.0,32,26,223.5,6.98
2023-11-06,1.0,18,15,108.5,6.03
2023-11-07,2.0,16,15,139.0,8.69
2023-11-08,3.0,14,13,123.0,8.79
2023-11-09,4.0,19,17,143.0,7.53
2023-11-10,5.0,17,16,109.5,6.44
2023-11-11,6.0,17,15,111.5,6.56
2023-11-12,0.0,17,17,165.0,9.71
2023-11-13,1.0,15,15,115.0,7.67
2023-11-14,2.0,15,15,83.5,5.57
2023-11-15,3.0,18,17,156.5,8.69
2023-11-16,4.0,15,14,135.0,9.0
2023-11-17,5.0,20,19,139.5,6.98
2023-11-18,6.0,25,24,229.0,9.16
2023-11-19,0.0,23,19,194.5,8.46
2023-11-20,1.0,16,15,82.5,5.16
2023-11-21,2.0,12,11,69.5,5.79
2023-11-22,3.0,12,11,120.0,10.0
2023-11-23,4.0,21,20,212.5,10.12
2023-11-24,5.0,18,18,84.5,4.69
2023-11-25,6.0,36,30,401.5,11.15
2023-11-26,0.0,23,21,164.5,7.15
2023-11-27,1.0,18,16,87.0,4.83
2023-11-28,2.0,18,18,128.5,7.14
2023-11-29,3.0,21,21,146.5,6.98
2023-11-30,4.0,15,15,263.0,17.53
2023-12-01,5.0,22,20,150.5,6.84
2023-12-02,6.0,31,29,246.5,7.95
2023-12-03,0.0,20,19,100.0,5.0
2023-12-04,1.0,15,14,103.0,6.87
2023-12-05,2.0,13,11,102.5,7.88
2023-12-06,3.0,24,22,156.0,6.5
2023-12-07,4.0,29,29,244.0,8.41
2023-12-08,5.0,24,19,149.5,6.23
2023-12-09,6.0,45,37,310.0,6.89
2023-12-10,0.0,24,20,217.5,9.06
2023-12-11,1.0,18,17,93.0,5.17
2023-12-12,2.0,19,18,108.5,5.71
2023-12-13,3.0,16,15,174.5,10.91
2023-12-14,4.0,16,15,119.0,7.44
2023-12-15,5.0,21,19,151.5,7.21
2023-12-16,6.0,40,35,315.0,7.88
2023-12-17,0.0,27,22,240.0,8.89
2023-12-18,1.0,20,18,190.0,9.5
2023-12-19,2.0,23,19,163.5,7.11
2023-12-20,3.0,22,22,137.5,6.25
2023-12-21,4.0,22,21,162.0,7.36
2023-12-22,5.0,25,21,180.5,7.22
2023-12-23,6.0,25,22,136.0,5.44
2023-12-24,0.0,35,32,259.0,7.4
2023-12-26,2.0,18,16,159.5,8.86
2023-12-27,3.0,14,14,134.5,9.61
2023-12-28,4.0,9,9,63.5,7.06
2023-12-29,5.0,22,20,156.5,7.11
2023-12-30,6.0,42,39,373.5,8.89
2023-12-31,0.0,23,22,215.5,9.37
2024-01-02,2.0,18,16,127.5,7.08
2024-01-03,3.0,14,14,131.5,9.39
2024-01-04,4.0,16,15,182.5,11.41
2024-01-05,5.0,13,12,90.0,6.92
2024-01-06,6.0,19,18,174.0,9.16
2024-01-07,0.0,14,14,123.0,8.79
2024-01-08,1.0,15,14,94.5,6.3
2024-01-09,2.0,19,19,241.0,12.68
2024-01-10,3.0,12,10,73.0,6.08
2024-01-11,4.0,15,15,112.0,7.47
2024-01-12,5.0,9,9,91.0,10.11
2024-01-13,6.0,35,31,260.0,7.43
2024-01-14,0.0,25,23,265.5,10.62
2024-01-15,1.0,8,8,25.0,3.13
2024-01-16,2.0,12,12,92.5,7.71
2024-01-17,3.0,13,11,93.0,7.15
2024-01-18,4.0,7,6,33.0,4.71
2024-01-19,5.0,14,14,122.5,8.75
2024-01-20,6.0,20,19,93.0,4.65
2024-01-21,0.0,15,14,144.0,9.6
2024-01-22,1.0,9,9,33.5,3.72
2024-01-23,2.0,16,15,86.0,5.38
2024-01-24,3.0,16,13,143.0,8.94
2024-01-25,4.0,13,13,128.5,9.88
2024-01-26,5.0,12,12,166.0,13.83
2024-01-27,6.0,24,22,142.0,5.92
2024-01-28,0.0,19,18,180.5,9.5
2024-01-29,1.0,16,15,88.5,5.53
2024-01-30,2.0,10,10,94.0,9.4
2024-01-31,3.0,12,10,98.5,8.21
2024-02-01,4.0,21,19,183.0,8.71
2024-02-02,5.0,16,15,137.0,8.56
2024-02-03,6.0,21,19,182.5,8.69
2024-02-04,0.0,21,20,219.0,10.43
2024-02-05,1.0,21,19,267.0,12.71
2024-02-06,2.0,17,15,169.0,9.94
2024-02-07,3.0,11,11,58.5,5.32
2024-02-08,4.0,15,14,187.0,12.47
2024-02-09,5.0,11,9,68.0,6.18
2024-02-10,6.0,22,19,165.0,7.5
2024-02-11,0.0,19,17,109.0,5.74
2024-02-12,1.0,21,19,157.0,7.48
2024-02-13,2.0,16,15,131.5,8.22
2024-02-14,3.0,18,17,80.5,4.47
2024-02-15,4.0,10,9,71.0,7.1
2024-02-16,5.0,17,17,112.5,6.62
2024-02-17,6.0,17,17,152.0,8.94
2024-02-18,0.0,13,12,104.5,8.04
2024-02-19,1.0,10,10,142.0,14.2
2024-02-20,2.0,22,21,146.5,6.66
2024-02-21,3.0,12,12,61.0,5.08
2024-02-22,4.0,18,17,164.5,9.14
2024-02-23,5.0,23,21,209.0,9.09
2024-02-24,6.0,21,18,105.5,5.02
2024-02-25,0.0,21,19,117.0,5.57
2024-02-26,1.0,16,15,92.0,5.75
2024-02-27,2.0,15,13,167.5,11.17
2024-02-28,3.0,25,24,217.0,8.68
2024-02-29,4.0,20,19,91.0,4.55
2024-03-01,5.0,14,13,120.5,8.61
2024-03-02,6.0,19,16,156.0,8.21
2024-03-03,0.0,28,26,283.0,10.11
2024-03-04,1.0,14,13,97.0,6.93
2024-03-05,2.0,24,23,150.5,6.27
2024-03-06,3.0,20,20,114.5,5.73
2024-03-07,4.0,24,23,245.5,10.23
2024-03-08,5.0,28,27,228.5,8.16
2024-03-09,6.0,43,37,257.5,5.99
2024-03-10,0.0,20,19,227.5,11.38
2024-03-11,1.0,18,16,207.0,11.5
2024-03-12,2.0,18,16,171.5,9.53
2024-03-13,3.0,28,24,253.5,9.05
2024-03-14,4.0,16,12,143.0,8.94
2024-03-15,5.0,21,20,222.0,10.57
2024-03-16,6.0,29,26,222.0,7.66
2024-03-17,0.0,18,17,189.0,10.5
2024-03-18,1.0,23,22,138.0,6.0
2024-03-19,2.0,15,14,151.5,10.1
2024-03-20,3.0,14,14,116.0,8.29
2024-03-21,4.0,12,10,116.5,9.71
2024-03-22,5.0,12,11,53.5,4.46
2024-03-23,6.0,21,18,84.5,4.02
2024-03-24,0.0,22,20,260.0,11.82
2024-03-25,1.0,17,16,150.5,8.85
2024-03-26,2.0,20,20,139.5,6.98
2024-03-27,3.0,16,15,99.0,6.19
2024-03-28,4.0,12,11,88.5,7.38
2024-03-29,5.0,8,7,26.0,3.25
2024-03-30,6.0,39,32,490.5,12.58
2024-03-31,0.0,27,24,215.0,7.96
2024-04-01,1.0,23,20,206.5,8.98
2024-04-02,2.0,28,26,224.0,8.0
2024-04-03,3.0,18,18,112.0,6.22
2024-04-04,4.0,32,30,341.0,10.66
2024-04-05,5.0,20,19,158.0,7.9
2024-04-06,6.0,39,33,406.0,10.41
2024-04-07,0.0,45,39,436.0,9.69
2024-04-08,1.0,24,22,302.0,12.58
2024-04-09,2.0,24,23,177.0,7.38
2024-04-10,3.0,19,18,90.0,4.74
2024-04-11,4.0,27,26,123.5,4.57
2024-04-12,5.0,22,21,116.5,5.3
2024-04-13,6.0,36,32,232.5,6.46
2024-04-14,0.0,47,34,431.5,9.18
2024-04-15,1.0,25,22,292.0,11.68
2024-04-16,2.0,30,28,195.0,6.5
2024-04-17,3.0,22,19,196.0,8.91
2024-04-18,4.0,25,22,160.0,6.4
2024-04-19,5.0,26,24,183.0,7.04
2024-04-20,6.0,33,29,308.5,9.35
2024-04-21,0.0,44,38,424.0,9.64
2024-04-22,1.0,23,19,103.5,4.5
2024-04-23,2.0,20,18,148.0,7.4
2024-04-24,3.0,23,22,225.0,9.78
2024-04-25,4.0,20,20,214.5,10.73
2024-04-26,5.0,26,26,314.0,12.08
2024-04-27,6.0,42,39,314.5,7.49
2024-04-28,0.0,37,28,243.0,6.57
2024-04-29,1.0,16,15,95.0,5.94
2024-04-30,2.0,23,21,190.0,8.26
2024-05-01,3.0,17,17,88.5,5.21
2024-05-02,4.0,28,25,269.0,9.61
2024-05-03,5.0,29,27,220.5,7.6
2024-05-04,6.0,26,23,283.0,10.88
2024-05-05,0.0,39,34,354.5,9.09
2024-05-06,1.0,22,19,215.0,9.77
2024-05-07,2.0,21,21,116.0,5.52
2024-05-08,3.0,15,14,150.5,10.03
2024-05-09,4.0,22,18,217.0,9.86
2024-05-10,5.0,19,17,166.5,8.76
2024-05-11,6.0,43,37,416.0,9.67
2024-05-12,0.0,25,25,196.5,7.86
2024-05-13,1.0,16,14,84.5,5.28
2024-05-14,2.0,22,20,212.5,9.66
2024-05-15,3.0,18,17,149.5,8.31
2024-05-16,4.0,30,26,213.5,7.12
2024-05-17,5.0,18,17,95.5,5.31
2024-05-18,6.0,26,22,194.0,7.46
2024-05-19,0.0,31,28,202.5,6.53
2024-05-20,1.0,19,19,186.0,9.79
2024-05-21,2.0,27,25,225.0,8.33
2024-05-22,3.0,30,29,191.5,6.38
2024-05-23,4.0,21,21,176.5,8.4
2024-05-24,5.0,27,26,403.5,14.94
2024-05-25,6.0,42,34,318.0,7.57
2024-05-26,0.0,35,32,283.5,8.1
2024-05-27,1.0,25,22,161.5,6.46
2024-05-28,2.0,25,23,154.0,6.16
2024-05-29,3.0,16,15,121.0,7.56
2024-05-30,4.0,16,14,87.5,5.47
2024-05-31,5.0,25,22,217.0,8.68
2024-06-01,6.0,26,21,241.5,9.29
2024-06-02,0.0,18,17,111.0,6.17
2024-06-03,1.0,19,17,193.5,10.18
2024-06-04,2.0,19,18,187.5,9.87
2024-06-05,3.0,18,17,120.5,6.69
2024-06-06,4.0,29,27,352.5,12.16
2024-06-07,5.0,26,24,237.0,9.12
2024-06-08,6.0,38,34,409.5,10.78
2024-06-09,0.0,29,28,202.0,6.97
2024-06-10,1.0,25,24,177.0,7.08
2024-06-11,2.0,15,14,65.5,4.37
2024-06-12,3.0,19,19,161.5,8.5
2024-06-13,4.0,13,13,214.0,16.46
2024-06-14,5.0,18,16,73.5,4.08
2024-06-15,6.0,26,23,313.0,12.04
2024-06-16,0.0,30,27,389.0,12.97
2024-06-17,1.0,25,22,290.0,11.6
2024-06-18,2.0,16,15,222.0,13.88
2024-06-19,3.0,18,18,183.5,10.19
2024-06-20,4.0,23,23,118.0,5.13
2024-06-21,5.0,28,24,196.5,7.02
2024-06-22,6.0,39,34,458.0,11.74
2024-06-23,0.0,27,25,349.0,12.93
2024-06-24,1.0,18,17,89.0,4.94
2024-06-25,2.0,25,23,297.5,11.9
2024-06-26,3.0,13,11,231.5,17.81
2024-06-27,4.0,15,15,111.5,7.43
2024-06-28,5.0,17,15,166.0,9.76
2024-06-29,6.0,38,34,359.0,9.45
2024-06-30,0.0,27,25,202.0,7.48
2024-07-01,1.0,19,17,219.0,11.53
2024-07-02,2.0,18,18,214.0,11.89
2024-07-03,3.0,20,18,118.0,5.9
2024-07-04,4.0,33,30,364.0,11.03
2024-07-05,5.0,23,21,331.0,14.39
2024-07-06,6.0,24,22,212.5,8.85
2024-07-07,0.0,32,29,255.0,7.97
2024-07-08,1.0,23,23,289.0,12.57
2024-07-09,2.0,15,14,137.5,9.17
2024-07-10,3.0,14,12,118.0,8.43
2024-07-11,4.0,26,25,158.0,6.08
2024-07-12,5.0,13,12,184.5,14.19
2024-07-13,6.0,47,35,449.0,9.55
2024-07-14,0.0,40,35,385.0,9.63
2024-07-15,1.0,17,16,247.0,14.53
2024-07-16,2.0,22,21,180.5,8.2
2024-07-17,3.0,19,17,219.5,11.55
2024-07-18,4.0,19,19,193.0,10.16
2024-07-19,5.0,14,12,168.0,12.0
2024-07-20,6.0,25,23,218.5,8.74
2024-07-21,0.0,30,29,255.5,8.52
2024-07-22,1.0,22,19,187.0,8.5
2024-07-23,2.0,19,17,173.5,9.13
2024-07-24,3.0,15,13,127.5,8.5
2024-07-25,4.0,18,18,141.5,7.86
2024-07-26,5.0,11,11,120.0,10.91
2024-07-27,6.0,35,29,277.5,7.93
2024-07-28,0.0,26,23,160.0,6.15
2024-07-29,1.0,26,22,259.5,9.98
2024-07-30,2.0,26,23,339.0,13.04
2024-07-31,3.0,16,15,91.5,5.72
2024-08-01,4.0,20,19,257.0,12.85
2024-08-02,5.0,17,17,146.0,8.59
2024-08-03,6.0,29,26,269.5,9.29
2024-08-04,0.0,19,19,215.5,11.34
2024-08-05,1.0,15,14,102.0,6.8
2024-08-06,2.0,24,23,279.5,11.65
2024-08-07,3.0,15,15,148.0,9.87
2024-08-08,4.0,18,18,194.0,10.78
2024-08-09,5.0,19,19,164.0,8.63
2024-08-10,6.0,36,29,228.0,6.33
2024-08-11,0.0,21,21,121.5,5.79
2024-08-12,1.0,20,19,202.0,10.1
2024-08-13,2.0,13,13,130.0,10.0
2024-08-14,3.0,17,17,176.0,10.35
2024-08-15,4.0,20,19,252.5,12.63
2024-08-16,5.0,12,11,145.0,12.08
2024-08-17,6.0,30,26,262.0,8.73
2024-08-18,0.0,33,30,241.0,7.3
2024-08-19,1.0,16,16,129.5,8.09
2024-08-20,2.0,23,21,122.5,5.33
2024-08-21,3.0,12,11,117.0,9.75
2024-08-22,4.0,15,13,222.5,14.83
2024-08-23,5.0,16,16,131.5,8.22
2024-08-24,6.0,20,20,163.5,8.18
2024-08-25,0.0,35,31,266.0,7.6
2024-08-26,1.0,16,15,188.5,11.78
2024-08-27,2.0,19,18,152.5,8.03
2024-08-28,3.0,13,11,103.5,7.96
2024-08-29,4.0,18,17,150.0,8.33
2024-08-30,5.0,19,18,142.5,7.5
2024-08-31,6.0,36,34,453.0,12.58
2024-09-01,0.0,20,19,211.0,10.55
2024-09-02,1.0,27,23,222.0,8.22
2024-09-03,2.0,20,20,151.5,7.58
2024-09-04,3.0,27,25,130.0,4.81
2024-09-05,4.0,29,23,283.0,9.76
2024-09-06,5.0,29,23,191.5,6.6
2024-09-07,6.0,37,36,261.0,7.05
2024-09-08,0.0,30,26,184.0,6.13
2024-09-09,1.0,26,24,220.5,8.48
2024-09-10,2.0,16,15,106.5,6.66
2024-09-11,3.0,29,26,200.5,6.91
2024-09-12,4.0,13,12,101.5,7.81
2024-09-13,5.0,19,18,147.5,7.76
2024-09-14,6.0,37,36,386.5,10.45
2024-09-15,0.0,26,24,197.5,7.6
2024-09-16,1.0,20,19,167.5,8.38
2024-09-17,2.0,21,20,89.5,4.26
2024-09-18,3.0,24,22,254.5,10.6
2024-09-19,4.0,31,27,253.5,8.18
2024-09-20,5.0,23,23,269.0,11.7
2024-09-21,6.0,35,33,183.5,5.24
2024-09-22,0.0,35,33,238.0,6.8
2024-09-23,1.0,20,18,183.0,9.15
2024-09-24,2.0,27,25,356.5,13.2
2024-09-25,3.0,23,21,167.5,7.28
2024-09-26,4.0,30,26,194.0,6.47
2024-09-27,5.0,19,18,164.0,8.63
2024-09-28,6.0,27,25,193.5,7.17
2024-09-29,0.0,39,33,389.0,9.97
2024-09-30,1.0,24,21,187.5,7.81
2024-10-01,2.0,19,18,114.5,6.03
2024-10-02,3.0,23,22,197.0,8.57
2024-10-03,4.0,30,27,186.0,6.2
2024-10-04,5.0,19,17,181.5,9.55
2024-10-05,6.0,23,22,205.0,8.91
2024-10-06,0.0,39,33,260.5,6.68
2024-10-07,1.0,24,21,200.0,8.33
2024-10-08,2.0,28,25,257.5,9.2
2024-10-09,3.0,29,24,290.5,10.02
2024-10-10,4.0,26,25,218.5,8.4
2024-10-11,5.0,20,19,191.5,9.58
2024-10-12,6.0,51,40,467.5,9.17
2024-10-13,0.0,55,44,468.5,8.52
2024-10-14,1.0,18,18,209.0,11.61
2024-10-15,2.0,20,20,189.0,9.45
2024-10-16,3.0,17,16,130.0,7.65
2024-10-17,4.0,28,26,204.5,7.3
2024-10-18,5.0,14,13,96.5,6.89
2024-10-19,6.0,38,36,310.0,8.16
2024-10-20,0.0,21,21,233.5,11.12
2024-10-21,1.0,33,31,359.5,10.89
2024-10-22,2.0,21,18,168.5,8.02
2024-10-23,3.0,28,26,221.5,7.91
2024-10-24,4.0,23,19,217.0,9.43
2024-10-25,5.0,38,34,325.0,8.55
2024-10-26,6.0,60,43,396.5,6.61
2024-10-27,0.0,28,26,201.5,7.2
2024-10-28,1.0,21,18,111.5,5.31
2024-10-29,2.0,18,17,140.0,7.78
2024-10-30,3.0,15,15,179.0,11.93
2024-10-31,4.0,24,22,274.5,11.44
2024-11-01,5.0,24,22,161.5,6.73
2024-11-02,6.0,27,24,168.0,6.22
2024-11-03,0.0,29,27,174.5,6.02
2024-11-04,1.0,17,15,186.5,10.97
2024-11-05,2.0,22,21,198.5,9.02
2024-11-06,3.0,19,16,237.0,12.47
2024-11-07,4.0,28,28,211.5,7.55
2024-11-08,5.0,21,21,129.5,6.17
2024-11-09,6.0,11,11,77.0,7.0
2024-11-10,0.0,31,29,305.0,9.84
2024-11-11,1.0,18,16,139.5,7.75
2024-11-12,2.0,20,19,125.0,6.25
2024-11-13,3.0,24,23,151.5,6.31
2024-11-14,4.0,12,12,118.0,9.83
2024-11-15,5.0,23,23,187.5,8.15
2024-11-16,6.0,7,7,38.0,5.43
2024-11-17,0.0,25,25,214.0,8.56
2024-11-18,1.0,28,24,262.5,9.38
2024-11-19,2.0,25,23,172.5,6.9
2024-11-20,3.0,22,20,194.5,8.84
2024-11-21,4.0,17,16,189.0,11.12
2024-11-22,5.0,20,18,169.0,8.45
2024-11-23,6.0,28,25,228.5,8.16
2024-11-24,0.0,39,34,255.0,6.54
2024-11-25,1.0,21,19,88.0,4.19
2024-11-26,2.0,21,20,90.0,4.29
2024-11-27,3.0,27,24,155.5,5.76
2024-11-28,4.0,24,23,135.0,5.63
2024-11-29,5.0,20,19,203.0,10.15
2024-11-30,6.0,37,35,252.5,6.82
2024-12-01,0.0,33,26,307.5,9.32
2024-12-02,1.0,23,20,181.5,7.89
2024-12-03,2.0,14,14,74.5,5.32
2024-12-04,3.0,19,19,96.5,5.08
2024-12-05,4.0,26,24,343.5,13.21
2024-12-06,5.0,15,13,107.0,7.13
2024-12-07,6.0,26,24,224.5,8.63
2024-12-08,0.0,32,28,247.0,7.72
2024-12-09,1.0,20,18,115.0,5.75
2024-12-10,2.0,27,23,223.5,8.28
2024-12-11,3.0,22,22,101.0,4.59
2024-12-12,4.0,15,15,189.5,12.63
2024-12-13,5.0,18,15,183.5,10.19
2024-12-14,6.0,46,40,311.5,6.77
2024-12-15,0.0,35,32,253.5,7.24
2024-12-16,1.0,11,11,113.0,10.27
2024-12-17,2.0,19,18,118.5,6.24
2024-12-18,3.0,13,13,65.5,5.04
2024-12-19,4.0,32,29,217.0,6.78
2024-12-20,5.0,25,21,190.0,7.6
2024-12-21,6.0,36,32,186.5,5.18
2024-12-22,0.0,45,33,371.0,8.24
2024-12-23,1.0,14,13,100.5,7.18
2024-12-24,2.0,30,26,285.5,9.52
2024-12-26,4.0,27,25,248.5,9.2
2024-12-27,5.0,23,21,144.5,6.28
2024-12-28,6.0,40,36,271.0,6.78
2024-12-29,0.0,29,26,261.0,9.0
2024-12-30,1.0,21,20,153.0,7.29
2024-12-31,2.0,22,20,186.5,8.48
2025-01-02,4.0,19,18,141.5,7.45
2025-01-03,5.0,11,11,59.5,5.41
2025-01-04,6.0,23,22,137.0,5.96
2025-01-05,0.0,22,22,200.0,9.09
2025-01-06,1.0,14,13,137.0,9.79
2025-01-07,2.0,14,13,81.0,5.79
2025-01-08,3.0,15,14,147.5,9.83
2025-01-09,4.0,14,13,71.5,5.11
2025-01-10,5.0,17,17,127.0,7.47
2025-01-11,6.0,32,30,190.5,5.95
2025-01-12,0.0,32,32,215.0,6.72
2025-01-13,1.0,12,12,81.0,6.75
2025-01-14,2.0,16,15,125.0,7.81
2025-01-15,3.0,13,13,107.0,8.23
2025-01-16,4.0,10,10,106.0,10.6
2025-01-17,5.0,20,19,162.5,8.13
2025-01-18,6.0,20,20,134.0,6.7
2025-01-19,0.0,20,17,219.5,10.98
2025-01-20,1.0,21,20,169.0,8.05
2025-01-21,2.0,25,25,205.0,8.2
2025-01-22,3.0,16,16,94.0,5.88
2025-01-23,4.0,21,19,126.5,6.02
2025-01-24,5.0,15,15,123.5,8.23
2025-01-25,6.0,34,28,376.5,11.07
2025-01-26,0.0,20,18,186.5,9.33
2025-01-27,1.0,16,14,158.0,9.88
2025-01-28,2.0,11,11,73.5,6.68
2025-01-29,3.0,17,17,174.0,10.24
2025-01-30,4.0,17,14,150.0,8.82
2025-01-31,5.0,21,20,235.0,11.19
